To create a new model in Odoo 17 Enterprise Edition to control attendance policies as described, you'll need to define a custom model, implement the necessary fields, and integrate logic to enforce and calculate the attendance rules.

Here’s how you can approach this:

Step 1: Define the Model
Create a new custom module, or add this to an existing custom module. The model will represent attendance policies, groups, and their relationships with employees.

Python Code: Define the Model
Create a new file attendance_policy.py under the models folder in your module:

python
نسخ
تحرير
from odoo import models, fields, api

class AttendancePolicyGroup(models.Model):
    _name = "attendance.policy.group"
    _description = "Attendance Policy Group"

    name = fields.Char(string="Policy Group Name", required=True)
    description = fields.Text(string="Description")
    policy_ids = fields.One2many('attendance.policy', 'group_id', string="Policies")
    employee_ids = fields.One2many('hr.employee', 'policy_group_id', string="Employees")

class AttendancePolicy(models.Model):
    _name = "attendance.policy"
    _description = "Attendance Policy"

    name = fields.Char(string="Policy Name", required=True)
    group_id = fields.Many2one('attendance.policy.group', string="Policy Group", required=True)
    day_of_week = fields.Selection(
        [
            ('0', 'Monday'),
            ('1', 'Tuesday'),
            ('2', 'Wednesday'),
            ('3', 'Thursday'),
            ('4', 'Friday'),
            ('5', 'Saturday'),
            ('6', 'Sunday'),
        ],
        string="Day of Week",
        required=True,
    )
    total_hours = fields.Float(string="Total Hours for Day", required=True)
    morning_start = fields.Float(string="Morning Start Time (24-hour format)")
    morning_end = fields.Float(string="Morning End Time (24-hour format)")
    evening_start = fields.Float(string="Evening Start Time (24-hour format)")
    evening_end = fields.Float(string="Evening End Time (24-hour format)")
    is_open_time = fields.Boolean(string="Open Attendance Time", default=False)

class HrEmployee(models.Model):
    _inherit = 'hr.employee'

    policy_group_id = fields.Many2one('attendance.policy.group', string="Policy Group")
Step 2: Add Business Logic for Attendance Control
You need methods to calculate attendance and enforce policies based on the rules set in the model.

Example of Attendance Check Logic:
Add a method in the AttendancePolicy model to calculate compliance with the policies:

python
نسخ
تحرير
class AttendancePolicy(models.Model):
    _inherit = "attendance.policy"

    @api.model
    def check_attendance(self, employee_id, check_in, check_out):
        employee = self.env['hr.employee'].browse(employee_id)
        group = employee.policy_group_id

        if not group:
            raise ValueError("Employee is not assigned to any attendance policy group.")

        policies = self.search([('group_id', '=', group.id), ('day_of_week', '=', str(check_in.weekday()))])

        for policy in policies:
            if policy.is_open_time:
                total_hours = (check_out - check_in).seconds / 3600.0
                if total_hours < policy.total_hours:
                    return False, f"Employee has not completed the required hours for the day ({policy.total_hours})."
            else:
                # Check attendance against morning and evening slots
                check_in_hours = check_in.hour + check_in.minute / 60.0
                check_out_hours = check_out.hour + check_out.minute / 60.0

                if policy.morning_start and check_in_hours < policy.morning_start:
                    return False, "Employee arrived earlier than the morning start time."

                if policy.morning_end and check_out_hours > policy.morning_end:
                    return False, "Employee left later than the morning end time."

        return True, "Attendance is compliant with the policy."
Step 3: Add Views for Configuration
Define XML views to allow configuration of the policy groups, policies, and employee assignments.

XML Code:
Create a file attendance_policy_views.xml in the views folder:

xml
نسخ
تحرير
<odoo>
    <record id="view_attendance_policy_group_form" model="ir.ui.view">
        <field name="name">attendance.policy.group.form</field>
        <field name="model">attendance.policy.group</field>
        <field name="arch" type="xml">
            <form>
                <sheet>
                    <group>
                        <field name="name"/>
                        <field name="description"/>
                    </group>
                    <notebook>
                        <page string="Policies">
                            <field name="policy_ids">
                                <tree>
                                    <field name="name"/>
                                    <field name="day_of_week"/>
                                    <field name="total_hours"/>
                                    <field name="is_open_time"/>
                                </tree>
                                <form>
                                    <field name="name"/>
                                    <field name="day_of_week"/>
                                    <field name="total_hours"/>
                                    <field name="morning_start"/>
                                    <field name="morning_end"/>
                                    <field name="evening_start"/>
                                    <field name="evening_end"/>
                                    <field name="is_open_time"/>
                                </form>
                            </field>
                        </page>
                        <page string="Employees">
                            <field name="employee_ids">
                                <tree>
                                    <field name="name"/>
                                    <field name="job_id"/>
                                </tree>
                            </field>
                        </page>
                    </notebook>
                </sheet>
            </form>
        </field>
    </record>

    <record id="action_attendance_policy_group" model="ir.actions.act_window">
        <field name="name">Attendance Policy Groups</field>
        <field name="res_model">attendance.policy.group</field>
        <field name="view_mode">tree,form</field>
    </record>

    <menuitem id="menu_attendance_policy" name="Attendance Policy" parent="hr.menu_hr_root"/>
    <menuitem id="menu_attendance_policy_groups" name="Policy Groups" parent="menu_attendance_policy" action="action_attendance_policy_group"/>
</odoo>
Step 4: Install and Test the Module
Place the custom module in your Odoo addons folder.
Update the app list and install the module.
Assign policy groups and configure policies for employees.
Features Achieved:
Policy Groups: Employees are grouped, and policies are applied at the group level.
Day-Based Policies: Policies can control specific days of the week with defined total hours and time slots.
Open Time Policy: Allows flexible attendance with daily hour calculation.
Employee Assignment: Employees can be assigned to specific policy groups.
Let me know if you need further customization or additional features!