<?xml version="1.0" encoding="utf-8"?>
<odoo noupdate="1">

    <record id="filter_label_apps" model="ir.filters">
        <field name="name">Garazd Product Labels</field>
        <field name="model_id">ir.module.module</field>
        <field name="domain">[("name", "ilike", "garazd_product_label")]</field>
        <field name="context">{'group_by': []}</field>
        <field name="sort">["name asc"]</field>
        <field name="action_id" ref="base.open_module_tree"/>
        <field name="user_id" eval="False"/>
    </record>

</odoo>
