<?xml version="1.0"?>
<odoo noupdate="0">
	<record forcecreate="True" id="cron_download_data" model="ir.cron">
		<field name="name">Download Data</field>
		<field eval="True" name="active"/>
		<field name="user_id" ref="base.user_admin"/>
		<field name="interval_number">10</field>
		<field name="interval_type">minutes</field>
		<field name="numbercall">-1</field>
		<field name="model_id" ref="student_zk_attendance.model_zk_machine"/>
		<field name="state">code</field>
		<field name="code">model.cron_download()</field>
	</record>

	<record id="module_category_hidden" model="ir.module.category">
		<field name="name">Hidden Category</field>
		<field name="sequence" eval="10"/>
	</record>

</odoo>
