id,name,model_id:id,group_id:id,perm_read,perm_write,perm_create,perm_unlink
access_student_zk_machine_user,zk.machine.student_biometric_machine,model_zk_machine,,1,0,1,0
access_student_zk_machine_user1,zk.machine.student_biometric_machine1,model_zk_machine_attendance,,1,0,1,0
access_student_zk_machine_user2,zk.machine.student_biometric_machine2,model_zk_report_daily_attendance,,1,0,1,0
access_student_zk_machine_student_attendance,zk.machine.student.attendance,model_student_attendance,,1,0,1,0
access_student_work_calendar,zk.machine.student.work.calendar,model_student_work_calendar,,1,1,1,0
access_student_calendar_attendance,zk.machine.student.calendar.attendance,model_resource_calendar_attendance,,1,1,1,0
access_student_partner,zk.machine.student.partner,model_res_partner,,1,0,1,0
access_student_department,zk.machine.student.department,model_student_department,,1,1,1,0