<?xml version="1.0" encoding="utf-8"?>
<odoo>
    <data>
        <record id="group_student_attendance_manager" model="res.groups">
            <field name="name">Student Attendance Manager</field>
            <field name="category_id" ref="base.module_category_hidden"/>
        </record>
        
        <record id="model_student_attendance_access" model="ir.model.access">
            <field name="name">student.attendance access</field>
            <field name="model_id" ref="student_zk_attendance.model_student_attendance"/> 
            <field name="group_id" ref="group_student_attendance_manager"/>
            <field name="perm_read" eval="1"/>
            <field name="perm_write" eval="1"/>
            <field name="perm_create" eval="1"/>
            <field name="perm_unlink" eval="1"/>
        </record>
    </data>
</odoo>