id,name,model_id:id,group_id:id,perm_read,perm_write,perm_create,perm_unlink
access_hr_attendance_policy_user,hr.attendance.policy.model.access.user,hr_attendance_policy.model_hr_attendance_policy,base.group_user,1,0,0,0
access_hr_attendance_rule_user,hr.attendance.rule.model.access.user,hr_attendance_policy.model_hr_attendance_rule,base.group_user,1,0,0,0
access_hr_attendance_policy_manager,hr.attendance.policy.model.access.manager,hr_attendance_policy.model_hr_attendance_policy,hr.group_hr_manager,1,1,1,1
access_hr_attendance_rule_manager,hr.attendance.rule.model.access.manager,hr_attendance_policy.model_hr_attendance_rule,hr.group_hr_manager,1,1,1,1
